[
  {
    "model": "contenttypes.contenttype",
    "pk": 1,
    "fields": {
      "app_label": "admin",
      "model": "logentry"
    }
  },
  {
    "model": "contenttypes.contenttype",
    "pk": 2,
    "fields": {
      "app_label": "auth",
      "model": "permission"
    }
  },
  {
    "model": "contenttypes.contenttype",
    "pk": 3,
    "fields": {
      "app_label": "auth",
      "model": "group"
    }
  },
  {
    "model": "contenttypes.contenttype",
    "pk": 4,
    "fields": {
      "app_label": "auth",
      "model": "user"
    }
  },
  {
    "model": "contenttypes.contenttype",
    "pk": 5,
    "fields": {
      "app_label": "contenttypes",
      "model": "contenttype"
    }
  },
  {
    "model": "contenttypes.contenttype",
    "pk": 6,
    "fields": {
      "app_label": "sessions",
      "model": "session"
    }
  },
  {
    "model": "contenttypes.contenttype",
    "pk": 7,
    "fields": {
      "app_label": "authtoken",
      "model": "token"
    }
  },
  {
    "model": "contenttypes.contenttype",
    "pk": 8,
    "fields": {
      "app_label": "myparking_api",
      "model": "automobiliste"
    }
  },
  {
    "model": "contenttypes.contenttype",
    "pk": 9,
    "fields": {
      "app_label": "myparking_api",
      "model": "equipement"
    }
  },
  {
    "model": "contenttypes.contenttype",
    "pk": 10,
    "fields": {
      "app_label": "myparking_api",
      "model": "etage"
    }
  },
  {
    "model": "contenttypes.contenttype",
    "pk": 11,
    "fields": {
      "app_label": "myparking_api",
      "model": "evaluation"
    }
  },
  {
    "model": "contenttypes.contenttype",
    "pk": 12,
    "fields": {
      "app_label": "myparking_api",
      "model": "horaire"
    }
  },
  {
    "model": "contenttypes.contenttype",
    "pk": 13,
    "fields": {
      "app_label": "myparking_api",
      "model": "paiementinstance"
    }
  },
  {
    "model": "contenttypes.contenttype",
    "pk": 14,
    "fields": {
      "app_label": "myparking_api",
      "model": "paiment"
    }
  },
  {
    "model": "contenttypes.contenttype",
    "pk": 15,
    "fields": {
      "app_label": "myparking_api",
      "model": "parking"
    }
  },
  {
    "model": "contenttypes.contenttype",
    "pk": 16,
    "fields": {
      "app_label": "myparking_api",
      "model": "tarif"
    }
  },
  {
    "model": "contenttypes.contenttype",
    "pk": 17,
    "fields": {
      "app_label": "myparking_api",
      "model": "terme"
    }
  },
  {
    "model": "contenttypes.contenttype",
    "pk": 18,
    "fields": {
      "app_label": "myparking_api",
      "model": "reservation"
    }
  },
  {
    "model": "contenttypes.contenttype",
    "pk": 19,
    "fields": {
      "app_label": "myparking_api",
      "model": "agent"
    }
  },
  {
    "model": "myparking_api.tarif",
    "pk": 1,
    "fields": {
      "duree": 120.0,
      "prix": 100.0
    }
  },
  {
    "model": "myparking_api.tarif",
    "pk": 2,
    "fields": {
      "duree": 200.0,
      "prix": 500.0
    }
  },
  {
    "model": "myparking_api.tarif",
    "pk": 3,
    "fields": {
      "duree": 205.0,
      "prix": 500.0
    }
  },
  {
    "model": "myparking_api.tarif",
    "pk": 4,
    "fields": {
      "duree": 205.0,
      "prix": 500.0
    }
  },
  {
    "model": "myparking_api.equipement",
    "pk": 1,
    "fields": {
      "designation": "H24/7",
      "iconUrl": "https://image.flaticon.com/icons/png/512/21/21562.png"
    }
  },
  {
    "model": "myparking_api.equipement",
    "pk": 2,
    "fields": {
      "designation": "Surveillance",
      "iconUrl": "https://image.flaticon.com/icons/png/512/68/68544.png"
    }
  },
  {
    "model": "myparking_api.horaire",
    "pk": 1,
    "fields": {
      "jour": 1,
      "HeureOuverture": "10:30:00",
      "HeureFermeture": "22:00:00"
    }
  },
  {
    "model": "myparking_api.horaire",
    "pk": 2,
    "fields": {
      "jour": 2,
      "HeureOuverture": "08:00:00",
      "HeureFermeture": "19:00:00"
    }
  },
  {
    "model": "myparking_api.horaire",
    "pk": 3,
    "fields": {
      "jour": 1,
      "HeureOuverture": "10:30:00",
      "HeureFermeture": "22:00:00"
    }
  },
  {
    "model": "myparking_api.horaire",
    "pk": 4,
    "fields": {
      "jour": 3,
      "HeureOuverture": "08:00:00",
      "HeureFermeture": "19:00:00"
    }
  },
  {
    "model": "myparking_api.horaire",
    "pk": 5,
    "fields": {
      "jour": 1,
      "HeureOuverture": "10:30:00",
      "HeureFermeture": "22:00:00"
    }
  },
  {
    "model": "myparking_api.horaire",
    "pk": 6,
    "fields": {
      "jour": 3,
      "HeureOuverture": "08:00:00",
      "HeureFermeture": "19:00:00"
    }
  },
  {
    "model": "myparking_api.horaire",
    "pk": 7,
    "fields": {
      "jour": 1,
      "HeureOuverture": "10:30:00",
      "HeureFermeture": "22:00:00"
    }
  },
  {
    "model": "myparking_api.horaire",
    "pk": 8,
    "fields": {
      "jour": 3,
      "HeureOuverture": "08:00:00",
      "HeureFermeture": "19:00:00"
    }
  },
  {
    "model": "myparking_api.etage",
    "pk": 1,
    "fields": {
      "nbPlaces": 120
    }
  },
  {
    "model": "myparking_api.etage",
    "pk": 2,
    "fields": {
      "nbPlaces": 120
    }
  },
  {
    "model": "myparking_api.etage",
    "pk": 3,
    "fields": {
      "nbPlaces": 120
    }
  },
  {
    "model": "myparking_api.etage",
    "pk": 4,
    "fields": {
      "nbPlaces": 120
    }
  },
  {
    "model": "myparking_api.terme",
    "pk": 1,
    "fields": {
      "contenu": "TERM 1"
    }
  },
  {
    "model": "myparking_api.terme",
    "pk": 2,
    "fields": {
      "contenu": "TERM 2"
    }
  },
  {
    "model": "myparking_api.terme",
    "pk": 3,
    "fields": {
      "contenu": "TERM 1"
    }
  },
  {
    "model": "myparking_api.terme",
    "pk": 4,
    "fields": {
      "contenu": "TERM 2"
    }
  },
  {
    "model": "myparking_api.terme",
    "pk": 5,
    "fields": {
      "contenu": "TERM 1"
    }
  },
  {
    "model": "myparking_api.terme",
    "pk": 6,
    "fields": {
      "contenu": "TERM 2"
    }
  },
  {
    "model": "myparking_api.paiment",
    "pk": 1,
    "fields": {
      "type": "CIB",
      "iconUrl": "https://image.flaticon.com/icons/png/512/18/18221.png"
    }
  },
  {
    "model": "myparking_api.parking",
    "pk": 1,
    "fields": {
      "nbEtages": 1,
      "nbPlaces": 110,
      "nom": "Parking Sablette 1",
      "adresse": "38, rue Guynemer. Code postal: 75006. Ville: Paris. Pays: France. M",
      "imageUrl": "https://cdn.static01.nicematin.com/media/npo/1440w/2012/07/image-men11q206_tj_projet-parking-sablette-small.jpg",
      "lattitude": 36.7312717,
      "longitude": 3.0876783,
      "horaires": "{1, 2}",
      "etages": "{1}",
      "tarifs": "{1}",
      "equipements": "{1}",
      "paiments": "{1}",
      "termes": "{1, 2}"
    }
  },
  {
    "model": "myparking_api.parking",
    "pk": 2,
    "fields": {
      "nbEtages": 1,
      "nbPlaces": 110,
      "nom": "Parking Safe laast test",
      "adresse": "38, rue Guynemer. Code postal: 75006. Ville: Paris. Pays: France. M",
      "imageUrl": "https://cdn.static01.nicematin.com/media/npo/1440w/2012/07/image-men11q206_tj_projet-parking-sablette-small.jpg",
      "lattitude": 36.7351639,
      "longitude": 3.1516975,
      "horaires": "{5, 6}",
      "etages": "{3}",
      "tarifs": "{3}",
      "equipements": "{1, 2}",
      "paiments": "{1}",
      "termes": "{3, 4}"
    }
  },
  {
    "model": "myparking_api.parking",
    "pk": 3,
    "fields": {
      "nbEtages": 1,
      "nbPlaces": 110,
      "nom": "Parking Safe laast test",
      "adresse": "38, rue Guynemer. Code postal: 75006. Ville: Paris. Pays: France. M",
      "imageUrl": "https://cdn.static01.nicematin.com/media/npo/1440w/2012/07/image-men11q206_tj_projet-parking-sablette-small.jpg",
      "lattitude": 36.7351639,
      "longitude": 3.1516975,
      "horaires": "{8, 7}",
      "etages": "{4}",
      "tarifs": "{4}",
      "equipements": "{1, 2}",
      "paiments": "{1}",
      "termes": "{5, 6}"
    }
  },
  {
    "model": "myparking_api.parking",
    "pk": 66,
    "fields": {
      "nbEtages": 1,
      "nbPlaces": 110,
      "nom": "Parking de carrfour Alger",
      "adresse": "38, rue Guynemer. Code postal: 75006. Ville: Paris. Pays: France. M",
      "imageUrl": "https://cdn.static01.nicematin.com/media/npo/1440w/2012/07/image-men11q206_tj_projet-parking-sablette-small.jpg",
      "lattitude": 36.7289608,
      "longitude": 3.1794445,
      "horaires": "{1, 2}",
      "etages": "{1}",
      "tarifs": "{1}",
      "equipements": "{1}",
      "paiments": "{1}",
      "termes": "{1, 2}"
    }
  },
  {
    "model": "myparking_api.parking",
    "pk": 67,
    "fields": {
      "nbEtages": 1,
      "nbPlaces": 110,
      "nom": "Parking Safex Public",
      "adresse": "38, rue Guynemer. Code postal: 75006. Ville: Paris. Pays: France. M",
      "imageUrl": "https://cdn.static01.nicematin.com/media/npo/1440w/2012/07/image-men11q206_tj_projet-parking-sablette-small.jpg",
      "lattitude": 36.7315206,
      "longitude": 3.1593492,
      "horaires": "{1, 2}",
      "etages": "{1}",
      "tarifs": "{1}",
      "equipements": "{1}",
      "paiments": "{1}",
      "termes": "{1, 2}"
    }
  },
  {
    "model": "myparking_api.parking",
    "pk": 68,
    "fields": {
      "nbEtages": 1,
      "nbPlaces": 110,
      "nom": "Parking ABC Tower",
      "adresse": "38, rue Guynemer. Code postal: 75006. Ville: Paris. Pays: France. M",
      "imageUrl": "https://cdn.static01.nicematin.com/media/npo/1440w/2012/07/image-men11q206_tj_projet-parking-sablette-small.jpg",
      "lattitude": 36.7390456,
      "longitude": 3.1553383,
      "horaires": "{1, 2}",
      "etages": "{1}",
      "tarifs": "{1}",
      "equipements": "{2}",
      "paiments": "{1}",
      "termes": "{1, 2}"
    }
  },
  {
    "model": "myparking_api.parking",
    "pk": 69,
    "fields": {
      "nbEtages": 1,
      "nbPlaces": 110,
      "nom": "Parking Safex2",
      "adresse": "38, rue Guynemer. Code postal: 75006. Ville: Paris. Pays: France. M",
      "imageUrl": "https://cdn.static01.nicematin.com/media/npo/1440w/2012/07/image-men11q206_tj_projet-parking-sablette-small.jpg",
      "lattitude": 36.7351639,
      "longitude": 3.1516975,
      "horaires": "{1, 2}",
      "etages": "{1}",
      "tarifs": "{2}",
      "equipements": "{1, 2}",
      "paiments": "{1}",
      "termes": "{1, 2}"
    }
  },
  {
    "model": "myparking_api.parking",
    "pk": 501,
    "fields": {
      "nbEtages": 1,
      "nbPlaces": 110,
      "nom": "Parking testin adding",
      "adresse": "38, rue Guynemer. Code postal: 75006. Ville: Paris. Pays: France. M",
      "imageUrl": "https://cdn.static01.nicematin.com/media/npo/1440w/2012/07/image-men11q206_tj_projet-parking-sablette-small.jpg",
      "lattitude": 36.7312717,
      "longitude": 3.0876783,
      "horaires": "{1, 2}",
      "etages": "{1}",
      "tarifs": "{1}",
      "equipements": "{1}",
      "paiments": "{1}",
      "termes": "{1, 2}"
    }
  },
  {
    "model": "myparking_api.paiementinstance",
    "pk": 1,
    "fields": {
      "montant": "16541",
      "date": "2020-02-20T19:50:00Z"
    }
  },
  {
    "model": "myparking_api.paiementinstance",
    "pk": 2,
    "fields": {
      "montant": "16541",
      "date": "2020-02-20T19:50:00Z"
    }
  },
  {
    "model": "myparking_api.paiementinstance",
    "pk": 3,
    "fields": {
      "montant": "16541",
      "date": "2020-02-20T19:50:00Z"
    }
  },
  {
    "model": "myparking_api.paiementinstance",
    "pk": 4,
    "fields": {
      "montant": "16541",
      "date": "2020-02-20T19:50:00Z"
    }
  },
  {
    "model": "myparking_api.paiementinstance",
    "pk": 5,
    "fields": {
      "montant": "16541",
      "date": "2020-02-20T19:50:00Z"
    }
  },
  {
    "model": "myparking_api.paiementinstance",
    "pk": 6,
    "fields": {
      "montant": "16541",
      "date": "2020-02-20T19:50:00Z"
    }
  },
  {
    "model": "myparking_api.paiementinstance",
    "pk": 7,
    "fields": {
      "montant": "16541",
      "date": "2020-02-20T19:50:00Z"
    }
  },
  {
    "model": "myparking_api.paiementinstance",
    "pk": 8,
    "fields": {
      "montant": "16541",
      "date": "2020-02-20T19:50:00Z"
    }
  },
  {
    "model": "myparking_api.paiementinstance",
    "pk": 9,
    "fields": {
      "montant": "16541",
      "date": "2020-02-20T19:50:00Z"
    }
  },
  {
    "model": "myparking_api.paiementinstance",
    "pk": 10,
    "fields": {
      "montant": "16541",
      "date": "2020-02-20T19:50:00Z"
    }
  },
  {
    "model": "myparking_api.paiementinstance",
    "pk": 11,
    "fields": {
      "montant": "16541",
      "date": "2020-02-20T19:50:00Z"
    }
  },
  {
    "model": "myparking_api.paiementinstance",
    "pk": 12,
    "fields": {
      "montant": "16541",
      "date": "2020-02-20T19:50:00Z"
    }
  },
  {
    "model": "myparking_api.paiementinstance",
    "pk": 13,
    "fields": {
      "montant": "16541",
      "date": "2020-02-20T19:50:00Z"
    }
  },
  {
    "model": "myparking_api.paiementinstance",
    "pk": 14,
    "fields": {
      "montant": "16541",
      "date": "2020-02-20T19:50:00Z"
    }
  },
  {
    "model": "myparking_api.paiementinstance",
    "pk": 15,
    "fields": {
      "montant": "16541",
      "date": "2020-02-20T19:50:00Z"
    }
  },
  {
    "model": "myparking_api.paiementinstance",
    "pk": 16,
    "fields": {
      "montant": "165419",
      "date": "2020-02-20T19:50:00Z"
    }
  },
  {
    "model": "myparking_api.paiementinstance",
    "pk": 17,
    "fields": {
      "montant": "165419",
      "date": "2020-02-20T19:50:00Z"
    }
  },
  {
    "model": "myparking_api.paiementinstance",
    "pk": 18,
    "fields": {
      "montant": "165419",
      "date": "2020-02-20T19:50:00Z"
    }
  },
  {
    "model": "myparking_api.paiementinstance",
    "pk": 19,
    "fields": {
      "montant": "165419",
      "date": "2020-02-20T19:50:00Z"
    }
  },
  {
    "model": "myparking_api.paiementinstance",
    "pk": 20,
    "fields": {
      "montant": "165419",
      "date": "2020-02-20T19:50:00Z"
    }
  },
  {
    "model": "myparking_api.paiementinstance",
    "pk": 21,
    "fields": {
      "montant": "165419",
      "date": "2020-02-20T19:50:00Z"
    }
  },
  {
    "model": "myparking_api.paiementinstance",
    "pk": 22,
    "fields": {
      "montant": "165419",
      "date": "2020-02-24T19:50:00Z"
    }
  },
  {
    "model": "myparking_api.paiementinstance",
    "pk": 23,
    "fields": {
      "montant": "5846",
      "date": "2020-02-24T21:20:10Z"
    }
  },
  {
    "model": "myparking_api.paiementinstance",
    "pk": 24,
    "fields": {
      "montant": "5846",
      "date": "2020-02-24T21:27:48Z"
    }
  },
  {
    "model": "myparking_api.paiementinstance",
    "pk": 25,
    "fields": {
      "montant": "5846",
      "date": "2020-02-24T21:30:56Z"
    }
  },
  {
    "model": "myparking_api.paiementinstance",
    "pk": 26,
    "fields": {
      "montant": "5846",
      "date": "2020-02-24T22:08:38Z"
    }
  },
  {
    "model": "myparking_api.paiementinstance",
    "pk": 27,
    "fields": {
      "montant": "5846",
      "date": "2020-02-24T22:13:36Z"
    }
  },
  {
    "model": "myparking_api.paiementinstance",
    "pk": 28,
    "fields": {
      "montant": "5846",
      "date": "2020-02-24T22:30:53Z"
    }
  },
  {
    "model": "myparking_api.paiementinstance",
    "pk": 29,
    "fields": {
      "montant": "5846",
      "date": "2020-02-25T09:28:10Z"
    }
  },
  {
    "model": "myparking_api.paiementinstance",
    "pk": 30,
    "fields": {
      "montant": "5846",
      "date": "2020-02-25T21:07:17Z"
    }
  },
  {
    "model": "myparking_api.paiementinstance",
    "pk": 31,
    "fields": {
      "montant": "5846",
      "date": "2020-02-25T21:08:05Z"
    }
  },
  {
    "model": "myparking_api.paiementinstance",
    "pk": 32,
    "fields": {
      "montant": "5846",
      "date": "2020-02-25T21:08:36Z"
    }
  },
  {
    "model": "myparking_api.paiementinstance",
    "pk": 33,
    "fields": {
      "montant": "5846",
      "date": "2020-02-25T21:09:20Z"
    }
  },
  {
    "model": "myparking_api.paiementinstance",
    "pk": 34,
    "fields": {
      "montant": "5846",
      "date": "2020-03-03T12:39:13Z"
    }
  },
  {
    "model": "myparking_api.paiementinstance",
    "pk": 35,
    "fields": {
      "montant": "5846",
      "date": "2020-03-04T00:24:45Z"
    }
  },
  {
    "model": "myparking_api.paiementinstance",
    "pk": 36,
    "fields": {
      "montant": "5846",
      "date": "2020-03-04T00:26:06Z"
    }
  },
  {
    "model": "myparking_api.reservation",
    "pk": 18,
    "fields": {
      "codeReservation": "DZ58-01-01",
      "hashId": "332b571d9c0e4aa0a1f6fb437d46f0c7",
      "qrUrl": "http://res.cloudinary.com/hhpni8wqv/image/upload/v1582661238/reservation/y1qekatqpf6wp0odgto5.jpg",
      "state": "En cours",
      "etageAttribue": 1,
      "placeAttribue": 1,
      "dateEntreePrevue": "2020-02-25T21:07:13Z",
      "dateSortiePrevue": "2020-02-25T23:07:13Z",
      "dateEntreeEffective": "2020-02-25T21:07:13Z",
      "dateSortieEffective": "2020-02-25T23:07:13Z",
      "parking": 68,
      "automobiliste": 1,
      "paiment": 1,
      "paiementInstance": 30
    }
  },
  {
    "model": "myparking_api.reservation",
    "pk": 19,
    "fields": {
      "codeReservation": "DZ90-01-01",
      "hashId": "fa592b39a13430cac7a77f2467be6c8f",
      "qrUrl": "http://res.cloudinary.com/hhpni8wqv/image/upload/v1582661284/reservation/dojnvgmp8kk1dgu7bfpz.jpg",
      "state": "En cours",
      "etageAttribue": 1,
      "placeAttribue": 1,
      "dateEntreePrevue": "2020-02-25T20:10:42Z",
      "dateSortiePrevue": "2020-02-25T21:10:53Z",
      "dateEntreeEffective": "2020-02-25T20:10:42Z",
      "dateSortieEffective": "2020-02-25T21:10:53Z",
      "parking": 67,
      "automobiliste": 1,
      "paiment": 1,
      "paiementInstance": 31
    }
  },
  {
    "model": "myparking_api.reservation",
    "pk": 20,
    "fields": {
      "codeReservation": "DZ98-01-01",
      "hashId": "89a3b6218858cbfd3cb1fc73ec087024",
      "qrUrl": "http://res.cloudinary.com/hhpni8wqv/image/upload/v1582661315/reservation/v8jt91pz9qlhp6e7fgwm.jpg",
      "state": "En cours",
      "etageAttribue": 1,
      "placeAttribue": 1,
      "dateEntreePrevue": "2020-02-25T17:10:26Z",
      "dateSortiePrevue": "2020-02-25T20:08:31Z",
      "dateEntreeEffective": "2020-02-25T17:10:26Z",
      "dateSortieEffective": "2020-02-25T20:08:31Z",
      "parking": 1,
      "automobiliste": 1,
      "paiment": 1,
      "paiementInstance": 32
    }
  },
  {
    "model": "myparking_api.reservation",
    "pk": 21,
    "fields": {
      "codeReservation": "DZ89-01-01",
      "hashId": "19c1651454eff5eee559025a6148b532",
      "qrUrl": "http://res.cloudinary.com/hhpni8wqv/image/upload/v1582661359/reservation/r4zvqurwn7dp1m4hlhab.jpg",
      "state": "En cours",
      "etageAttribue": 1,
      "placeAttribue": 1,
      "dateEntreePrevue": "2020-02-25T15:10:52Z",
      "dateSortiePrevue": "2020-02-25T16:10:58Z",
      "dateEntreeEffective": "2020-02-25T15:10:52Z",
      "dateSortieEffective": "2020-02-25T16:10:58Z",
      "parking": 68,
      "automobiliste": 1,
      "paiment": 1,
      "paiementInstance": 33
    }
  },
  {
    "model": "myparking_api.reservation",
    "pk": 22,
    "fields": {
      "codeReservation": "DZ77-01-01",
      "hashId": "938eb5069231d698a698ea5b469ca10f",
      "qrUrl": "http://res.cloudinary.com/hhpni8wqv/image/upload/v1583235552/reservation/izxfhwnm8yyjq2yzbv5d.jpg",
      "state": "En cours",
      "etageAttribue": 1,
      "placeAttribue": 1,
      "dateEntreePrevue": "2020-03-03T01:38:59Z",
      "dateSortiePrevue": "2020-03-03T03:38:03Z",
      "dateEntreeEffective": "2020-03-03T01:38:59Z",
      "dateSortieEffective": "2020-03-03T03:38:03Z",
      "parking": 66,
      "automobiliste": 1,
      "paiment": 1,
      "paiementInstance": 34
    }
  },
  {
    "model": "myparking_api.reservation",
    "pk": 23,
    "fields": {
      "codeReservation": "DZ33-01-01",
      "hashId": "c0ff4b3bd4fcc8215a20d02b0ee6add9",
      "qrUrl": "http://res.cloudinary.com/hhpni8wqv/image/upload/v1583277886/reservation/fnchgnyyv3e4mifk7xmp.jpg",
      "state": "En cours",
      "etageAttribue": 1,
      "placeAttribue": 1,
      "dateEntreePrevue": "2020-03-04T00:24:41Z",
      "dateSortiePrevue": "2020-03-04T02:24:41Z",
      "dateEntreeEffective": "2020-03-04T00:24:41Z",
      "dateSortieEffective": "2020-03-04T02:24:41Z",
      "parking": 68,
      "automobiliste": 1,
      "paiment": 1,
      "paiementInstance": 35
    }
  },
  {
    "model": "myparking_api.reservation",
    "pk": 24,
    "fields": {
      "codeReservation": "DZ38-01-01",
      "hashId": "ab3ae5761c94297da9ac4d61bc303d75",
      "qrUrl": "http://res.cloudinary.com/hhpni8wqv/image/upload/v1583277967/reservation/akkczewag0krdtm73ibv.jpg",
      "state": "En cours",
      "etageAttribue": 1,
      "placeAttribue": 1,
      "dateEntreePrevue": "2020-03-04T00:26:03Z",
      "dateSortiePrevue": "2020-03-04T02:26:03Z",
      "dateEntreeEffective": "2020-03-04T00:26:03Z",
      "dateSortieEffective": "2020-03-04T02:26:03Z",
      "parking": 67,
      "automobiliste": 1,
      "paiment": 1,
      "paiementInstance": 36
    }
  },
  {
    "model": "auth.permission",
    "pk": 1,
    "fields": {
      "name": "Can add log entry",
      "content_type": 1,
      "codename": "add_logentry"
    }
  },
  {
    "model": "auth.permission",
    "pk": 2,
    "fields": {
      "name": "Can change log entry",
      "content_type": 1,
      "codename": "change_logentry"
    }
  },
  {
    "model": "auth.permission",
    "pk": 3,
    "fields": {
      "name": "Can delete log entry",
      "content_type": 1,
      "codename": "delete_logentry"
    }
  },
  {
    "model": "auth.permission",
    "pk": 4,
    "fields": {
      "name": "Can view log entry",
      "content_type": 1,
      "codename": "view_logentry"
    }
  },
  {
    "model": "auth.permission",
    "pk": 5,
    "fields": {
      "name": "Can add permission",
      "content_type": 2,
      "codename": "add_permission"
    }
  },
  {
    "model": "auth.permission",
    "pk": 6,
    "fields": {
      "name": "Can change permission",
      "content_type": 2,
      "codename": "change_permission"
    }
  },
  {
    "model": "auth.permission",
    "pk": 7,
    "fields": {
      "name": "Can delete permission",
      "content_type": 2,
      "codename": "delete_permission"
    }
  },
  {
    "model": "auth.permission",
    "pk": 8,
    "fields": {
      "name": "Can view permission",
      "content_type": 2,
      "codename": "view_permission"
    }
  },
  {
    "model": "auth.permission",
    "pk": 9,
    "fields": {
      "name": "Can add group",
      "content_type": 3,
      "codename": "add_group"
    }
  },
  {
    "model": "auth.permission",
    "pk": 10,
    "fields": {
      "name": "Can change group",
      "content_type": 3,
      "codename": "change_group"
    }
  },
  {
    "model": "auth.permission",
    "pk": 11,
    "fields": {
      "name": "Can delete group",
      "content_type": 3,
      "codename": "delete_group"
    }
  },
  {
    "model": "auth.permission",
    "pk": 12,
    "fields": {
      "name": "Can view group",
      "content_type": 3,
      "codename": "view_group"
    }
  },
  {
    "model": "auth.permission",
    "pk": 13,
    "fields": {
      "name": "Can add user",
      "content_type": 4,
      "codename": "add_user"
    }
  },
  {
    "model": "auth.permission",
    "pk": 14,
    "fields": {
      "name": "Can change user",
      "content_type": 4,
      "codename": "change_user"
    }
  },
  {
    "model": "auth.permission",
    "pk": 15,
    "fields": {
      "name": "Can delete user",
      "content_type": 4,
      "codename": "delete_user"
    }
  },
  {
    "model": "auth.permission",
    "pk": 16,
    "fields": {
      "name": "Can view user",
      "content_type": 4,
      "codename": "view_user"
    }
  },
  {
    "model": "auth.permission",
    "pk": 17,
    "fields": {
      "name": "Can add content type",
      "content_type": 5,
      "codename": "add_contenttype"
    }
  },
  {
    "model": "auth.permission",
    "pk": 18,
    "fields": {
      "name": "Can change content type",
      "content_type": 5,
      "codename": "change_contenttype"
    }
  },
  {
    "model": "auth.permission",
    "pk": 19,
    "fields": {
      "name": "Can delete content type",
      "content_type": 5,
      "codename": "delete_contenttype"
    }
  },
  {
    "model": "auth.permission",
    "pk": 20,
    "fields": {
      "name": "Can view content type",
      "content_type": 5,
      "codename": "view_contenttype"
    }
  },
  {
    "model": "auth.permission",
    "pk": 21,
    "fields": {
      "name": "Can add session",
      "content_type": 6,
      "codename": "add_session"
    }
  },
  {
    "model": "auth.permission",
    "pk": 22,
    "fields": {
      "name": "Can change session",
      "content_type": 6,
      "codename": "change_session"
    }
  },
  {
    "model": "auth.permission",
    "pk": 23,
    "fields": {
      "name": "Can delete session",
      "content_type": 6,
      "codename": "delete_session"
    }
  },
  {
    "model": "auth.permission",
    "pk": 24,
    "fields": {
      "name": "Can view session",
      "content_type": 6,
      "codename": "view_session"
    }
  },
  {
    "model": "auth.permission",
    "pk": 25,
    "fields": {
      "name": "Can add Token",
      "content_type": 7,
      "codename": "add_token"
    }
  },
  {
    "model": "auth.permission",
    "pk": 26,
    "fields": {
      "name": "Can change Token",
      "content_type": 7,
      "codename": "change_token"
    }
  },
  {
    "model": "auth.permission",
    "pk": 27,
    "fields": {
      "name": "Can delete Token",
      "content_type": 7,
      "codename": "delete_token"
    }
  },
  {
    "model": "auth.permission",
    "pk": 28,
    "fields": {
      "name": "Can view Token",
      "content_type": 7,
      "codename": "view_token"
    }
  },
  {
    "model": "auth.permission",
    "pk": 29,
    "fields": {
      "name": "Can add automobiliste",
      "content_type": 8,
      "codename": "add_automobiliste"
    }
  },
  {
    "model": "auth.permission",
    "pk": 30,
    "fields": {
      "name": "Can change automobiliste",
      "content_type": 8,
      "codename": "change_automobiliste"
    }
  },
  {
    "model": "auth.permission",
    "pk": 31,
    "fields": {
      "name": "Can delete automobiliste",
      "content_type": 8,
      "codename": "delete_automobiliste"
    }
  },
  {
    "model": "auth.permission",
    "pk": 32,
    "fields": {
      "name": "Can view automobiliste",
      "content_type": 8,
      "codename": "view_automobiliste"
    }
  },
  {
    "model": "auth.permission",
    "pk": 33,
    "fields": {
      "name": "Can add equipement",
      "content_type": 9,
      "codename": "add_equipement"
    }
  },
  {
    "model": "auth.permission",
    "pk": 34,
    "fields": {
      "name": "Can change equipement",
      "content_type": 9,
      "codename": "change_equipement"
    }
  },
  {
    "model": "auth.permission",
    "pk": 35,
    "fields": {
      "name": "Can delete equipement",
      "content_type": 9,
      "codename": "delete_equipement"
    }
  },
  {
    "model": "auth.permission",
    "pk": 36,
    "fields": {
      "name": "Can view equipement",
      "content_type": 9,
      "codename": "view_equipement"
    }
  },
  {
    "model": "auth.permission",
    "pk": 37,
    "fields": {
      "name": "Can add etage",
      "content_type": 10,
      "codename": "add_etage"
    }
  },
  {
    "model": "auth.permission",
    "pk": 38,
    "fields": {
      "name": "Can change etage",
      "content_type": 10,
      "codename": "change_etage"
    }
  },
  {
    "model": "auth.permission",
    "pk": 39,
    "fields": {
      "name": "Can delete etage",
      "content_type": 10,
      "codename": "delete_etage"
    }
  },
  {
    "model": "auth.permission",
    "pk": 40,
    "fields": {
      "name": "Can view etage",
      "content_type": 10,
      "codename": "view_etage"
    }
  },
  {
    "model": "auth.permission",
    "pk": 41,
    "fields": {
      "name": "Can add evaluation",
      "content_type": 11,
      "codename": "add_evaluation"
    }
  },
  {
    "model": "auth.permission",
    "pk": 42,
    "fields": {
      "name": "Can change evaluation",
      "content_type": 11,
      "codename": "change_evaluation"
    }
  },
  {
    "model": "auth.permission",
    "pk": 43,
    "fields": {
      "name": "Can delete evaluation",
      "content_type": 11,
      "codename": "delete_evaluation"
    }
  },
  {
    "model": "auth.permission",
    "pk": 44,
    "fields": {
      "name": "Can view evaluation",
      "content_type": 11,
      "codename": "view_evaluation"
    }
  },
  {
    "model": "auth.permission",
    "pk": 45,
    "fields": {
      "name": "Can add horaire",
      "content_type": 12,
      "codename": "add_horaire"
    }
  },
  {
    "model": "auth.permission",
    "pk": 46,
    "fields": {
      "name": "Can change horaire",
      "content_type": 12,
      "codename": "change_horaire"
    }
  },
  {
    "model": "auth.permission",
    "pk": 47,
    "fields": {
      "name": "Can delete horaire",
      "content_type": 12,
      "codename": "delete_horaire"
    }
  },
  {
    "model": "auth.permission",
    "pk": 48,
    "fields": {
      "name": "Can view horaire",
      "content_type": 12,
      "codename": "view_horaire"
    }
  },
  {
    "model": "auth.permission",
    "pk": 49,
    "fields": {
      "name": "Can add paiement instance",
      "content_type": 13,
      "codename": "add_paiementinstance"
    }
  },
  {
    "model": "auth.permission",
    "pk": 50,
    "fields": {
      "name": "Can change paiement instance",
      "content_type": 13,
      "codename": "change_paiementinstance"
    }
  },
  {
    "model": "auth.permission",
    "pk": 51,
    "fields": {
      "name": "Can delete paiement instance",
      "content_type": 13,
      "codename": "delete_paiementinstance"
    }
  },
  {
    "model": "auth.permission",
    "pk": 52,
    "fields": {
      "name": "Can view paiement instance",
      "content_type": 13,
      "codename": "view_paiementinstance"
    }
  },
  {
    "model": "auth.permission",
    "pk": 53,
    "fields": {
      "name": "Can add paiment",
      "content_type": 14,
      "codename": "add_paiment"
    }
  },
  {
    "model": "auth.permission",
    "pk": 54,
    "fields": {
      "name": "Can change paiment",
      "content_type": 14,
      "codename": "change_paiment"
    }
  },
  {
    "model": "auth.permission",
    "pk": 55,
    "fields": {
      "name": "Can delete paiment",
      "content_type": 14,
      "codename": "delete_paiment"
    }
  },
  {
    "model": "auth.permission",
    "pk": 56,
    "fields": {
      "name": "Can view paiment",
      "content_type": 14,
      "codename": "view_paiment"
    }
  },
  {
    "model": "auth.permission",
    "pk": 57,
    "fields": {
      "name": "Can add parking",
      "content_type": 15,
      "codename": "add_parking"
    }
  },
  {
    "model": "auth.permission",
    "pk": 58,
    "fields": {
      "name": "Can change parking",
      "content_type": 15,
      "codename": "change_parking"
    }
  },
  {
    "model": "auth.permission",
    "pk": 59,
    "fields": {
      "name": "Can delete parking",
      "content_type": 15,
      "codename": "delete_parking"
    }
  },
  {
    "model": "auth.permission",
    "pk": 60,
    "fields": {
      "name": "Can view parking",
      "content_type": 15,
      "codename": "view_parking"
    }
  },
  {
    "model": "auth.permission",
    "pk": 61,
    "fields": {
      "name": "Can add tarif",
      "content_type": 16,
      "codename": "add_tarif"
    }
  },
  {
    "model": "auth.permission",
    "pk": 62,
    "fields": {
      "name": "Can change tarif",
      "content_type": 16,
      "codename": "change_tarif"
    }
  },
  {
    "model": "auth.permission",
    "pk": 63,
    "fields": {
      "name": "Can delete tarif",
      "content_type": 16,
      "codename": "delete_tarif"
    }
  },
  {
    "model": "auth.permission",
    "pk": 64,
    "fields": {
      "name": "Can view tarif",
      "content_type": 16,
      "codename": "view_tarif"
    }
  },
  {
    "model": "auth.permission",
    "pk": 65,
    "fields": {
      "name": "Can add terme",
      "content_type": 17,
      "codename": "add_terme"
    }
  },
  {
    "model": "auth.permission",
    "pk": 66,
    "fields": {
      "name": "Can change terme",
      "content_type": 17,
      "codename": "change_terme"
    }
  },
  {
    "model": "auth.permission",
    "pk": 67,
    "fields": {
      "name": "Can delete terme",
      "content_type": 17,
      "codename": "delete_terme"
    }
  },
  {
    "model": "auth.permission",
    "pk": 68,
    "fields": {
      "name": "Can view terme",
      "content_type": 17,
      "codename": "view_terme"
    }
  },
  {
    "model": "auth.permission",
    "pk": 69,
    "fields": {
      "name": "Can add reservation",
      "content_type": 18,
      "codename": "add_reservation"
    }
  },
  {
    "model": "auth.permission",
    "pk": 70,
    "fields": {
      "name": "Can change reservation",
      "content_type": 18,
      "codename": "change_reservation"
    }
  },
  {
    "model": "auth.permission",
    "pk": 71,
    "fields": {
      "name": "Can delete reservation",
      "content_type": 18,
      "codename": "delete_reservation"
    }
  },
  {
    "model": "auth.permission",
    "pk": 72,
    "fields": {
      "name": "Can view reservation",
      "content_type": 18,
      "codename": "view_reservation"
    }
  },
  {
    "model": "auth.permission",
    "pk": 73,
    "fields": {
      "name": "Can add agent",
      "content_type": 19,
      "codename": "add_agent"
    }
  },
  {
    "model": "auth.permission",
    "pk": 74,
    "fields": {
      "name": "Can change agent",
      "content_type": 19,
      "codename": "change_agent"
    }
  },
  {
    "model": "auth.permission",
    "pk": 75,
    "fields": {
      "name": "Can delete agent",
      "content_type": 19,
      "codename": "delete_agent"
    }
  },
  {
    "model": "auth.permission",
    "pk": 76,
    "fields": {
      "name": "Can view agent",
      "content_type": 19,
      "codename": "view_agent"
    }
  },
  {
    "model": "auth.group",
    "pk": 1,
    "fields": {
      "name": "driver",
      "permissions": []
    }
  },
  {
    "model": "auth.user",
    "pk": 1,
    "fields": {
      "password": "pbkdf2_sha256$150000$ScDWUqWNu3JJ$vlju71I/sPwt/eMigGR4CJDTPmfiQC2v56O4U9tDMQc=",
      "last_login": null,
      "is_superuser": false,
      "username": "ffa",
      "first_name": "",
      "last_name": "",
      "email": "islam00@esi.dz",
      "is_staff": false,
      "is_active": true,
      "date_joined": "2020-02-20T18:49:45.780Z",
      "groups": [
        1
      ],
      "user_permissions": []
    }
  },
  {
    "model": "auth.user",
    "pk": 2,
    "fields": {
      "password": "pbkdf2_sha256$150000$Uwo2fTFUR4zY$izvrVPcwWxkOrOfE2jM15COWJDAHkuBDX/9YNHroUAY=",
      "last_login": null,
      "is_superuser": false,
      "username": "erf",
      "first_name": "",
      "last_name": "",
      "email": "islam00@esi.dz",
      "is_staff": false,
      "is_active": true,
      "date_joined": "2020-02-20T20:10:20.969Z",
      "groups": [
        1
      ],
      "user_permissions": []
    }
  },
  {
    "model": "auth.user",
    "pk": 3,
    "fields": {
      "password": "pbkdf2_sha256$150000$iAEI4UGlM0pa$77nTuTGhawv5LsN0jlg4NUMlWwsi727OISQHiIdCDOI=",
      "last_login": "2020-03-03T21:21:34.306Z",
      "is_superuser": false,
      "username": "islam00",
      "first_name": "",
      "last_name": "",
      "email": "islam00@esi.dz",
      "is_staff": false,
      "is_active": true,
      "date_joined": "2020-02-26T15:43:44.586Z",
      "groups": [
        1
      ],
      "user_permissions": []
    }
  },
  {
    "model": "auth.user",
    "pk": 4,
    "fields": {
      "password": "pbkdf2_sha256$150000$PXAbJpXAifou$zNiSf5reBOh1Vdl6lHjpZhYRVhDyqPu0LIjmPQK0p9Q=",
      "last_login": null,
      "is_superuser": false,
      "username": "test_islam",
      "first_name": "",
      "last_name": "",
      "email": "islam00@esi.dz",
      "is_staff": false,
      "is_active": true,
      "date_joined": "2020-02-27T20:43:32.263Z",
      "groups": [
        1
      ],
      "user_permissions": []
    }
  },
  {
    "model": "auth.user",
    "pk": 5,
    "fields": {
      "password": "pbkdf2_sha256$150000$0mgYfHbYI3dA$TVjrPfPuXI4feb7GJhJXx7H4zVTobNugeKw8uFnyNOY=",
      "last_login": null,
      "is_superuser": false,
      "username": "fm_bouayache@esi.dz",
      "first_name": "",
      "last_name": "",
      "email": "fm_bouayache@esi.dz",
      "is_staff": false,
      "is_active": true,
      "date_joined": "2020-02-27T20:56:38.613Z",
      "groups": [
        1
      ],
      "user_permissions": []
    }
  },
  {
    "model": "auth.user",
    "pk": 6,
    "fields": {
      "password": "pbkdf2_sha256$150000$wINXFrDT6abv$MmJSqPysfvqJHqQFOjK8DOzlGUzBFrarlRKOwoVm/NY=",
      "last_login": null,
      "is_superuser": false,
      "username": "123",
      "first_name": "",
      "last_name": "",
      "email": "",
      "is_staff": false,
      "is_active": true,
      "date_joined": "2020-03-17T22:38:48.874Z",
      "groups": [
        1
      ],
      "user_permissions": []
    }
  },
  {
    "model": "myparking_api.automobiliste",
    "pk": 1,
    "fields": {
      "compte": "app",
      "idCompte": "null",
      "nom": "islam",
      "numTel": "",
      "prenom": "moh",
      "auth": 1,
      "favoris": "set()"
    }
  },
  {
    "model": "myparking_api.automobiliste",
    "pk": 2,
    "fields": {
      "compte": "app",
      "idCompte": "null",
      "nom": "islam",
      "numTel": "",
      "prenom": "moh",
      "auth": 2,
      "favoris": "{1, 2, 67, 3, 66}"
    }
  },
  {
    "model": "myparking_api.automobiliste",
    "pk": 3,
    "fields": {
      "compte": "app",
      "idCompte": "null",
      "nom": "islam",
      "numTel": "",
      "prenom": "moh",
      "auth": 3,
      "favoris": "set()"
    }
  },
  {
    "model": "myparking_api.automobiliste",
    "pk": 4,
    "fields": {
      "compte": "app",
      "idCompte": "null",
      "nom": "islam",
      "numTel": "0699415163",
      "prenom": "moh",
      "auth": 4,
      "favoris": "set()"
    }
  },
  {
    "model": "myparking_api.automobiliste",
    "pk": 5,
    "fields": {
      "compte": "app",
      "idCompte": "null",
      "nom": "bouayache",
      "numTel": "0699415163",
      "prenom": "islam",
      "auth": 5,
      "favoris": "set()"
    }
  },
  {
    "model": "myparking_api.automobiliste",
    "pk": 6,
    "fields": {
      "compte": "facebook",
      "idCompte": "123",
      "nom": "islam",
      "numTel": "",
      "prenom": "moh",
      "auth": 6,
      "favoris": "set()"
    }
  }
]